{"cameraMode":{"drawMode":0,"name":"Shaded","section":"Shading Mode"},"sceneLighting":true,"audioPlay":false,"sceneViewState":{"showFog":true,"showMaterialUpdate":false,"showSkybox":true,"showFlares":true,"showImageEffects":true,"showParticleSystems":true,"showVisualEffectGraphs":true,"m_FxEnabled":true},"in2DMode":false,"pivot":{"x":1113.821044921875,"y":175.63711547851563,"z":1115.684814453125},"rotation":{"x":-0.033302586525678638,"y":0.006593840196728706,"z":-0.0002201172464992851,"w":-0.9994255304336548},"size":720.44189453125,"orthographic":false}