{"cameraMode":{"drawMode":0,"name":"Shaded","section":"Shading Mode"},"sceneLighting":true,"audioPlay":false,"sceneViewState":{"showFog":true,"showMaterialUpdate":false,"showSkybox":true,"showFlares":true,"showImageEffects":true,"showParticleSystems":true,"showVisualEffectGraphs":true,"m_FxEnabled":true},"in2DMode":false,"pivot":{"x":303.4473571777344,"y":559.4425048828125,"z":1130.600830078125},"rotation":{"x":-0.033302586525678638,"y":0.006593840196728706,"z":-0.0002201172464992851,"w":-0.9994255304336548},"size":907.240966796875,"orthographic":false}