{"cameraMode":{"drawMode":0,"name":"Shaded","section":"Shading Mode"},"sceneLighting":true,"audioPlay":false,"sceneViewState":{"showFog":true,"showMaterialUpdate":false,"showSkybox":true,"showFlares":true,"showImageEffects":true,"showParticleSystems":true,"showVisualEffectGraphs":true,"m_FxEnabled":true},"in2DMode":false,"pivot":{"x":3.880000114440918,"y":0.44999998807907107,"z":4.320000171661377},"rotation":{"x":0.40542903542518618,"y":0.07147014141082764,"z":-0.03181302547454834,"w":0.9107792973518372},"size":8.065916061401368,"orthographic":false}