{"cameraMode":{"drawMode":0,"name":"Shaded","section":"Shading Mode"},"sceneLighting":false,"audioPlay":false,"sceneViewState":{"showFog":true,"showMaterialUpdate":false,"showSkybox":false,"showFlares":true,"showImageEffects":true,"showParticleSystems":true,"showVisualEffectGraphs":true,"m_FxEnabled":true},"in2DMode":false,"pivot":{"x":4.539999961853027,"y":0.6399999856948853,"z":-1.3600000143051148},"rotation":{"x":-0.05964909866452217,"y":0.01496773399412632,"z":0.0008956935489550233,"w":0.9981139898300171},"size":0.8660253882408142,"orthographic":false}