{"cameraMode":{"drawMode":0,"name":"Shaded","section":"Shading Mode"},"sceneLighting":true,"audioPlay":false,"sceneViewState":{"showFog":true,"showMaterialUpdate":false,"showSkybox":true,"showFlares":true,"showImageEffects":true,"showParticleSystems":true},"in2DMode":false,"pivot":{"x":0.8868739604949951,"y":-0.28586673736572268,"z":0.6100811958312988},"rotation":{"x":-0.30278050899505618,"y":-0.18514679372310639,"z":0.06008591130375862,"w":-0.9329742193222046},"size":11.044825553894043,"orthographic":false}