{"cameraMode":{"drawMode":0,"name":"Shaded","section":"Shading Mode"},"sceneLighting":true,"audioPlay":false,"sceneViewState":{"showFog":true,"showMaterialUpdate":false,"showSkybox":true,"showFlares":true,"showImageEffects":true,"showParticleSystems":true,"showVisualEffectGraphs":true,"m_FxEnabled":true},"in2DMode":false,"pivot":{"x":1.3303427696228028,"y":0.7616462707519531,"z":-0.7016890048980713},"rotation":{"x":0.1822199821472168,"y":0.37273475527763369,"z":-0.07490000873804093,"w":0.9067879915237427},"size":8.854206085205079,"orthographic":false}