{"cameraMode":{"drawMode":0,"name":"Shaded","section":"Shading Mode"},"sceneLighting":true,"audioPlay":false,"sceneViewState":{"showFog":true,"showMaterialUpdate":false,"showSkybox":true,"showFlares":true,"showImageEffects":true,"showParticleSystems":true,"showVisualEffectGraphs":true,"m_FxEnabled":true},"in2DMode":false,"pivot":{"x":-1.5214524269104005,"y":-5.2874908447265629,"z":3.537281036376953},"rotation":{"x":-0.05964909866452217,"y":0.01496773399412632,"z":0.0008956935489550233,"w":0.9981139898300171},"size":11.643969535827637,"orthographic":false}