{"cameraMode":{"drawMode":0,"name":"Shaded","section":"Shading Mode"},"sceneLighting":true,"audioPlay":false,"sceneViewState":{"showFog":true,"showMaterialUpdate":false,"showSkybox":true,"showFlares":true,"showImageEffects":true,"showParticleSystems":true,"showVisualEffectGraphs":true,"m_FxEnabled":true},"in2DMode":false,"pivot":{"x":0.8724120855331421,"y":0.1702103614807129,"z":0.12332963943481446},"rotation":{"x":0.33812421560287478,"y":0.043735336512327197,"z":-0.015731262043118478,"w":0.9399600625038147},"size":4.135534286499023,"orthographic":false}