{"cameraMode":{"drawMode":0,"name":"Shaded","section":"Shading Mode"},"sceneLighting":true,"audioPlay":false,"sceneViewState":{"showFog":true,"showMaterialUpdate":false,"showSkybox":true,"showFlares":true,"showImageEffects":true,"showParticleSystems":true,"showVisualEffectGraphs":true,"m_FxEnabled":true},"in2DMode":false,"pivot":{"x":-3.6892127990722658,"y":50.84779357910156,"z":1.4861297607421876},"rotation":{"x":-0.11517278105020523,"y":0.21252207458019257,"z":0.025304824113845826,"w":0.9700590372085571},"size":37.09145736694336,"orthographic":false}