{"cameraMode":{"drawMode":0,"name":"Shaded","section":"Shading Mode"},"sceneLighting":true,"audioPlay":false,"sceneViewState":{"showFog":true,"showMaterialUpdate":false,"showSkybox":true,"showFlares":true,"showImageEffects":true,"showParticleSystems":true,"showVisualEffectGraphs":true,"m_FxEnabled":true},"in2DMode":false,"pivot":{"x":42.93140411376953,"y":-42.978416442871097,"z":200.1389923095703},"rotation":{"x":0.05996612086892128,"y":0.10251546651124954,"z":-0.006119673140347004,"w":0.9929693341255188},"size":550.6769409179688,"orthographic":false}