{"cameraMode":{"drawMode":0,"name":"Shaded","section":"Shading Mode"},"sceneLighting":true,"audioPlay":false,"sceneViewState":{"showFog":true,"showMaterialUpdate":false,"showSkybox":true,"showFlares":true,"showImageEffects":true,"showParticleSystems":true,"showVisualEffectGraphs":true,"m_FxEnabled":true},"in2DMode":false,"pivot":{"x":6.442622184753418,"y":-1.9574551582336426,"z":5.235865116119385},"rotation":{"x":0.2957876920700073,"y":0.014021732844412327,"z":-0.004344673361629248,"w":0.9551523923873901},"size":6.4588212966918949,"orthographic":false}