{"cameraMode":{"drawMode":0,"name":"Shaded","section":"Shading Mode"},"sceneLighting":true,"audioPlay":false,"sceneViewState":{"showFog":true,"showMaterialUpdate":false,"showSkybox":true,"showFlares":true,"showImageEffects":true,"showParticleSystems":true,"showVisualEffectGraphs":true,"m_FxEnabled":true},"in2DMode":false,"pivot":{"x":337.2858581542969,"y":222.38973999023438,"z":0.68072509765625},"rotation":{"x":0.016481416299939157,"y":0.04647691920399666,"z":-0.0007669393089599907,"w":0.9987831711769104},"size":370.578857421875,"orthographic":true}