{"cameraMode":{"drawMode":0,"name":"Shaded","section":"Shading Mode"},"sceneLighting":false,"audioPlay":false,"sceneViewState":{"showFog":true,"showMaterialUpdate":false,"showSkybox":false,"showFlares":true,"showImageEffects":true,"showParticleSystems":true,"showVisualEffectGraphs":true,"m_FxEnabled":true},"in2DMode":false,"pivot":{"x":0.8868739604949951,"y":-0.28586673736572268,"z":0.6100811958312988},"rotation":{"x":-0.0026521801482886078,"y":0.5980738997459412,"z":-0.0019800898153334858,"w":-0.801438570022583},"size":2.207106590270996,"orthographic":false}